Sport,Name,Age,Height (inches),Height (cm) ,Weight (lbs),Weight (kgs),,
Soccer,L. Messi,31,67,170.18,159,72.1,,
Soccer,C. Eriksen,27,61,154.94,168,76.2,,
Soccer,P. Pogba,25,75,190.5,185,83.9,,
Soccer,L. Insigne,27,64,162.56,130,59,,
Soccer,K. Koulibaly,27,74,187.96,196,88.9,,
Soccer,V. van Dijk,27,76,193.04,203,92.1,,
Soccer,K. Mbappé,20,60,152.4,161,73,,
Soccer,S. Agüero,30,68,172.72,154,69.9,,
Soccer,M. Neuer,32,76,193.04,203,92.1,,
Soccer,E. Cavani,32,73,185.42,170,77.1,,s
Soccer,Sergio Busquets,30,74,187.96,168,76.2,,
Soccer,T. Courtois,26,78,198.12,212,96.2,,
Soccer,M. ter Stegen,26,74,187.96,187,84.8,,
Soccer,A. Griezmann,27,69,175.26,161,73,,
Soccer,M. Salah,26,69,175.26,157,71.2,,
Soccer,P. Dybala,25,60,152.4,165,74.8,,
Soccer,M. Škriniar,24,74,187.96,176,79.8,,
Soccer,Fernandinho,33,60,152.4,148,67.1,,
Soccer,G. Higuaín,31,73,185.42,196,88.9,,
Soccer,I. Rakitić,30,72,182.88,172,78,,
Soccer,J. Vertonghen,31,74,187.96,190,86.2,,
Soccer,D. Mertens,31,67,170.18,134,60.8,,
Soccer,Marcelo,30,69,175.26,176,79.8,,
Soccer,T. Alderweireld,30,73,185.42,179,81.2,,
Soccer,Jordi Alba,29,67,170.18,150,68,,
Soccer,Thiago,27,69,175.26,154,69.9,,
Soccer,C. Immobile,29,73,185.42,187,84.8,,
Soccer,K. Navas,32,73,185.42,176,79.8,,
Soccer,Isco,26,69,175.26,174,78.9,,
Soccer,J. Rodríguez,27,61,154.94,165,74.8,,
Soccer,Casemiro,27,73,185.42,185,83.9,,
Soccer,M. Icardi,26,61,154.94,165,74.8,,
Soccer,Kepa,24,73,185.42,187,84.8,,
Soccer,H. Ziyech,25,61,154.94,143,64.9,,
Soccer,Fabinho,25,74,187.96,172,78,,
Soccer,A. Martial,23,72,182.88,168,76.2,,
Soccer,T. Werner,23,61,154.94,165,74.8,,
Soccer,N. Süle,23,77,195.58,214,97.1,,
Soccer,Bruno Fernandes,24,60,152.4,152,68.9,,
Soccer,Alex Telles,26,61,154.94,157,71.2,,
Soccer,J. Giménez,24,73,185.42,176,79.8,,
Soccer,N. Fekir,25,68,172.72,165,74.8,,
Soccer,D. Sánchez,22,74,187.96,174,78.9,,
Soccer,Marco Asensio,23,72,182.88,168,76.2,,
Soccer,O. Dembélé,21,60,152.4,148,67.1,,
Soccer,Iniesta,34,67,170.18,150,68,,
Soccer,Z. Ibrahimović,37,77,195.58,209,94.8,,
Soccer,Jorginho,27,61,154.94,148,67.1,,
Soccer,E. Višća,29,68,172.72,139,63,,
Soccer,S. Gnabry,23,69,175.26,165,74.8,,
Soccer,M. Kovačić,24,69,175.26,172,78,,
Soccer,William Carvalho,26,74,187.96,183,83,,
Soccer,Felipe,29,75,190.5,190,86.2,,
Soccer,Y. Carrasco,25,61,154.94,161,73,,
Soccer,Lucas Vázquez,27,68,172.72,154,69.9,,
Soccer,Q. Promes,27,69,175.26,159,72.1,,
Soccer,L. Goretzka,24,74,187.96,174,78.9,,
Soccer,A. Rabiot,23,76,193.04,176,79.8,,
Soccer,A. Romagnoli,24,74,187.96,172,78,,
Soccer,João Cancelo,24,72,182.88,163,73.9,,
Soccer,Anderson Talisca,25,75,190.5,176,79.8,,
Soccer,K. Coman,22,60,152.4,157,71.2,,
Soccer,T. Lemar,23,67,170.18,137,62.1,,
Soccer,J. Tah,23,77,195.58,214,97.1,,
Soccer,M. Politano,25,67,170.18,148,67.1,,
Soccer,C. Lenglet,23,73,185.42,179,81.2,,
Soccer,Pau López,24,74,187.96,170,77.1,,
Soccer,H. Lozano,23,69,175.26,154,69.9,,
Soccer,Malcom,22,68,172.72,163,73.9,,
Soccer,L. Torreira,23,66,167.64,141,64,,
Soccer,Gonçalo Guedes,22,60,152.4,150,68,,
Soccer,G. Lo Celso,22,69,175.26,154,69.9,,
Soccer,Fabián,22,74,187.96,154,69.9,,
Soccer,F. de Jong,21,61,154.94,154,69.9,,
Soccer,Raphaelito Anjos,31,75,190.5,187,84.8,,
Soccer,Juiano Mestres,35,61,154.94,181,82.1,,
Soccer,Rosberto Dourado,31,69,175.26,154,69.9,,
Soccer,Arthur,22,67,170.18,161,73,,
Soccer,Rodri,22,75,190.5,181,82.1,,
Soccer,M. Parolo,34,72,182.88,165,74.8,,
Soccer,M. Kruse,30,61,154.94,168,76.2,,
Soccer,J. Henderson,28,72,182.88,176,79.8,,
Soccer,N. Gaitán,31,68,172.72,146,66.2,,
Soccer,M. Arnautović,29,76,193.04,183,83,,
Soccer,S. Giovinco,32,64,162.56,134,60.8,,
Soccer,G. Sigurðsson,29,73,185.42,170,77.1,,
Soccer,Giuliano,28,68,172.72,150,68,,
Soccer,P. Gulácsi,28,76,193.04,190,86.2,,
Soccer,Luiz Gustavo,31,74,187.96,172,78,,
Soccer,K. Trippier,28,60,152.4,159,72.1,,
Soccer,A. Ramsey,28,72,182.88,168,76.2,,
Soccer,M. Balotelli,28,74,187.96,194,88,,
Soccer,Marlos,30,69,175.26,152,68.9,,
Soccer,Taison,31,68,172.72,141,64,,
Soccer,G. Bonaventura,29,61,154.94,165,74.8,,
Soccer,G. Kondogbia,26,74,187.96,176,79.8,,
Soccer,J. Roussillon,26,69,175.26,176,79.8,,
Soccer,S. Zaza,27,73,185.42,185,83.9,,
Soccer,S. Vrsaljko,27,61,154.94,168,76.2,,
Soccer,C. Kramer,28,75,190.5,168,76.2,,
Soccer,B. Mendy,24,73,185.42,187,84.8,,
Soccer,M. Sabitzer,24,60,152.4,170,77.1,,
Soccer,M. Nastasić,25,74,187.96,183,83,,
Soccer,A. Plea,25,61,154.94,174,78.9,,
Soccer,M. Ginter,25,74,187.96,183,83,,
Soccer,Gerard Moreno,26,61,154.94,170,77.1,,
Soccer,A. Doucouré,26,72,182.88,168,76.2,,
Soccer,R. Guerreiro,25,67,170.18,157,71.2,,
Soccer,Ricardo Pereira,25,69,175.26,154,69.9,,
Soccer,Samu Castillejo,24,72,182.88,148,67.1,,
Soccer,J. Brandt,22,73,185.42,185,83.9,,
Soccer,N. Pépé,23,72,182.88,161,73,,
Soccer,S. Bergwijn,21,60,152.4,172,78,,
Soccer,A. Onana,22,74,187.96,205,93,,
Soccer,F. Balbuena,27,74,187.96,187,84.8,,
Soccer,André Silva,23,73,185.42,174,78.9,,
Soccer,Oyarzabal,21,61,154.94,172,78,,
Soccer,Everton Andrão,35,60,152.4,165,74.8,,
Soccer,Welington Dano,31,60,152.4,152,68.9,,
Soccer,Richarlison,21,61,154.94,157,71.2,,
Soccer,Odriozola,23,69,175.26,146,66.2,,
Soccer,Carlos Soler,22,61,154.94,168,76.2,,
Soccer,H. Aouar,20,69,175.26,154,69.9,,
Soccer,T. Ndombele,22,61,154.94,168,76.2,,
Soccer,M. Gómez,22,73,185.42,185,83.9,,
Soccer,Joaquín,37,60,152.4,165,74.8,,
Soccer,J. Mathieu,35,74,187.96,185,83.9,,
Soccer,J. Matip,27,76,193.04,198,89.8,,
Soccer,S. Aurier,26,69,175.26,168,76.2,,
Soccer,J. Guilavogui,28,74,187.96,170,77.1,,
Soccer,A. Oxlade-Chamberlain,25,69,175.26,154,69.9,,
Soccer,M. Ryan,26,72,182.88,181,82.1,,
Soccer,V. Aboubakar,27,72,182.88,181,82.1,,
Soccer,L. Muriel,27,60,152.4,174,78.9,,
Soccer,D. Vida,29,72,182.88,168,76.2,,
Soccer,Ibai Gómez,29,60,152.4,159,72.1,,
Soccer,Cristian Tello,27,60,152.4,143,64.9,,
Soccer,Ismaily,29,60,152.4,181,82.1,,
Soccer,A. Mandi,27,72,182.88,172,78,,
Soccer,C. Tătăruşanu,33,77,195.58,190,86.2,,
Soccer,J. Murillo,26,72,182.88,172,78,,
Soccer,E. Dier,25,74,187.96,198,89.8,,
Soccer,J. Butland,25,77,195.58,209,94.8,,
Soccer,S. Sorrentino,39,73,185.42,187,84.8,,
Soccer,W. Rooney,33,69,175.26,183,83,,
Soccer,Moyá,34,74,187.96,183,83,,
Soccer,L. López,36,69,175.26,159,72.1,,
Soccer,J. Mascherano,34,69,175.26,161,73,,
Soccer,Raffael,33,69,175.26,152,68.9,,
Soccer,Diego López,37,77,195.58,196,88.9,,
Soccer,Juanfran,34,61,154.94,157,71.2,,
Soccer,I. Denisov,34,69,175.26,154,69.9,,
Soccer,I. Akinfeev,32,73,185.42,172,78,,
Soccer,A. Gignac,33,74,187.96,201,91.2,,
Soccer,A. Granqvist,33,76,193.04,185,83.9,,
Soccer,Manuel Fernandes,33,69,175.26,165,74.8,,
Soccer,Dante,35,74,187.96,187,84.8,,
Soccer,L. Perrin,33,61,154.94,176,79.8,,
Soccer,Borja Valero,34,69,175.26,161,73,,
Soccer,A. Januzaj,24,73,185.42,168,76.2,,
Soccer,J. Hector,28,73,185.42,165,74.8,,
Soccer,M. Dabbur,26,72,182.88,168,76.2,,
Soccer,Óliver Torres,24,69,175.26,139,63,,
Soccer,Y. Bounou,27,76,193.04,172,78,,
Soccer,J. Hofmann,26,69,175.26,154,69.9,,
Soccer,Otávio,24,68,172.72,157,71.2,,
Soccer,Jonny,25,67,170.18,154,69.9,,
Soccer,L. Dendoncker,23,74,187.96,194,88,,
Soccer,R. Zobnin,25,72,182.88,165,74.8,,
Soccer,Ricardo Horta,24,68,172.72,139,63,,
Soccer,Thiago Mendes,26,60,152.4,176,79.8,,
Soccer,J. Lerma,24,60,152.4,154,69.9,,
Soccer,J. Gbamin,23,73,185.42,183,83,,
Soccer,I. Marcone,28,72,182.88,183,83,,
Soccer,D. Benedetto,28,60,152.4,176,79.8,,
Soccer,M. Hitz,31,76,193.04,196,88.9,,
Soccer,N. Clyne,27,69,175.26,148,67.1,,
Soccer,A. Ljajić,27,72,182.88,163,73.9,,
Soccer,J. Guðmundsson,28,60,152.4,170,77.1,,
Soccer,Elkeson,29,61,154.94,170,77.1,,
Soccer,Kike García,29,73,185.42,174,78.9,,
Soccer,Escudero,29,69,175.26,159,72.1,,
Soccer,Herrerín,31,74,187.96,209,94.8,,
Soccer,Víctor Ruiz,30,73,185.42,172,78,,
Soccer,G. Medel,31,67,170.18,143,64.9,,
Soccer,Y. Belhanda,29,60,152.4,165,74.8,,
Soccer,Hugo Mallo,27,69,175.26,159,72.1,,
Soccer,Borja García,28,69,175.26,159,72.1,,
Soccer,W. Khazri,28,69,175.26,181,82.1,,
Soccer,P. Jones,27,73,185.42,157,71.2,,
Soccer,A. Finnbogason,30,72,182.88,176,79.8,,
Soccer,Vinícius Júnior,18,69,175.26,161,73,,
Soccer,Junior Firpo,22,72,182.88,165,74.8,,
Soccer,E. Belözoğlu,38,67,170.18,159,72.1,,
Soccer,Fernando Torres,34,73,185.42,174,78.9,,
Soccer,B. Schweinsteiger,34,72,182.88,174,78.9,,
Soccer,B. Yılmaz,33,74,187.96,170,77.1,,
Soccer,M. Gómez,33,74,187.96,196,88.9,,
Soccer,A. Young,33,69,175.26,143,64.9,,
Soccer,R. Babel,32,73,185.42,187,84.8,,
Soccer,B. Costil,31,74,187.96,194,88,,
Soccer,S. Kalou,33,72,182.88,170,77.1,,
Soccer,E. Lavezzi,33,68,172.72,165,74.8,,
Soccer,H. Ben Arfa,32,60,152.4,163,73.9,,
Soccer,B. Foster,35,76,193.04,198,89.8,,
Soccer,T. Heaton,32,74,187.96,203,92.1,,
Soccer,Charles,34,60,152.4,165,74.8,,
Soccer,G. Cahill,33,76,193.04,194,88,,
Soccer,A. Iwobi,22,73,185.42,165,74.8,,
Soccer,R. Loftus-Cheek,23,75,190.5,194,88,,
Soccer,A. Selikhov,24,74,187.96,187,84.8,,
Soccer,J. Mojica,26,73,185.42,161,73,,
Soccer,W. Barrios,25,60,152.4,157,71.2,,
Soccer,C. Izquierdoz,30,73,185.42,196,88.9,,
Soccer,W. Benítez,26,75,190.5,201,91.2,,
Soccer,N. Maksimović,27,76,193.04,192,87.1,,
Soccer,A. Mitrović,24,74,187.96,181,82.1,,
Soccer,M. Sportiello,26,76,193.04,192,87.1,,
Soccer,Capa,26,69,175.26,165,74.8,,
Soccer,Marcelo Goiano,31,69,175.26,152,68.9,,
Soccer,Y. Tielemans,21,69,175.26,159,72.1,,
Soccer,S. Lobotka,24,67,170.18,141,64,,
Soccer,M. Philipp,25,72,182.88,174,78.9,,
Soccer,L. Dubois,24,60,152.4,161,73,,
Soccer,L. Dunk,27,76,193.04,194,88,,
Soccer,C. Schindler,28,74,187.96,170,77.1,,
Soccer,Y. Konoplyanka,29,60,152.4,172,78,,
Soccer,Pedro Mendes,28,73,185.42,172,78,,
Soccer,R. Saponara,27,72,182.88,161,73,,
Soccer,L. Kurzawa,26,72,182.88,168,76.2,,
Soccer,M. Hinteregger,26,72,182.88,183,83,,
Soccer,D. da Costa,25,74,187.96,194,88,,
Soccer,Fernando,27,69,175.26,176,79.8,,
Soccer,W. Boly,28,77,195.58,214,97.1,,
Soccer,A. Schwolow,26,74,187.96,185,83.9,,
Soccer,G. Defrel,27,60,152.4,170,77.1,,
Soccer,Álvaro,29,72,182.88,165,74.8,,
Soccer,L. Bittencourt,25,67,170.18,137,62.1,,
Soccer,A. Carrillo,27,61,154.94,172,78,,
Soccer,M. Elyounoussi,24,60,152.4,154,69.9,,
Soccer,O. Karnezis,33,75,190.5,179,81.2,,
Soccer,De Marcos,29,72,182.88,176,79.8,,
Soccer,R. Cabella,29,67,170.18,157,71.2,,
Soccer,J. Hart,31,77,195.58,201,91.2,,
Soccer,Jurado,32,69,175.26,159,72.1,,
Soccer,E. Hernández,30,67,170.18,143,64.9,,
Soccer,D. Ginczek,27,75,190.5,187,84.8,,
Soccer,Lucas Pérez,30,61,154.94,161,73,,
Soccer,J. Farfán,34,60,152.4,185,83.9,,
Soccer,A. Begović,31,78,198.12,183,83,,
Soccer,Hilton,41,61,154.94,172,78,,
Soccer,J. Baumgartlinger,31,72,182.88,190,86.2,,
Soccer,Granero,31,61,154.94,172,78,,
Soccer,Z. Junuzović,31,68,172.72,159,72.1,,
Soccer,V. Moses,28,60,152.4,170,77.1,,
Soccer,M. Debuchy,33,69,175.26,168,76.2,,
Soccer,G. Maripán,24,76,193.04,183,83,,
Soccer,Iván Cuéllar,34,74,187.96,168,76.2,,
Soccer,F. Johnson,31,72,182.88,163,73.9,,
Soccer,Aarón Martín,21,61,154.94,159,72.1,,
Soccer,G. Pereiro,23,74,187.96,168,76.2,,
Soccer,B. Moukandjo,30,61,154.94,163,73.9,,
Soccer,M. Harnik,31,73,185.42,176,79.8,,
Soccer,J. Ward-Prowse,24,68,172.72,146,66.2,,
Soccer,R. Alessandrini,29,68,172.72,154,69.9,,
Soccer,Manu García,32,72,182.88,163,73.9,,
Soccer,M. Antonio,28,60,152.4,181,82.1,,
Soccer,Adrien Silva,29,69,175.26,152,68.9,,
Soccer,S. Cook,27,73,185.42,181,82.1,,
Soccer,B. Mee,29,72,182.88,181,82.1,,
Soccer,Adriano,34,68,172.72,165,74.8,,
Soccer,J. Lens,31,60,152.4,165,74.8,,
Soccer,S. Rondón,29,73,185.42,216,98,,
Soccer,Andreas Pereira,23,60,152.4,157,71.2,,
Soccer,V. Ibišević,34,74,187.96,181,82.1,,
Soccer,L. Ocampos,24,74,187.96,185,83.9,,
Soccer,N. Müller,31,68,172.72,146,66.2,,
Soccer,Simão Acunha,31,60,152.4,157,71.2,,
Soccer,J. Calleri,25,61,154.94,170,77.1,,
Soccer,A. Jahanbakhsh,25,61,154.94,172,78,,
Soccer,A. Prijović,28,75,190.5,194,88,,
Soccer,Fabricio,31,72,182.88,176,79.8,,
Soccer,M. Elneny,26,61,154.94,163,73.9,,
Soccer,Jorge Meré,21,72,182.88,176,79.8,,
Soccer,Wilson Eduardo,28,60,152.4,161,73,,
Soccer,Álex Remiro,23,75,190.5,183,83,,
Soccer,T. Gutiérrez,33,60,152.4,179,81.2,,
Soccer,A. Pyatov,34,75,190.5,198,89.8,,
Soccer,Diego Llorente,25,73,185.42,165,74.8,,
Soccer,I. Abate,32,61,154.94,161,73,,
Soccer,T. Vermaelen,33,72,182.88,176,79.8,,
Soccer,N. Füllkrug,26,74,187.96,183,83,,
Soccer,Pedro Obiang,26,73,185.42,165,74.8,,
Soccer,Wallace,24,75,190.5,187,84.8,,
Soccer,Djaniny,27,75,190.5,172,78,,
Soccer,Roberto,33,76,193.04,207,93.9,,
Soccer,S. Tasci,31,73,185.42,179,81.2,,
Soccer,L. Schøne,32,60,152.4,172,78,,
Soccer,J. Defoe,36,67,170.18,143,64.9,,
Soccer,V. Babacan,30,76,193.04,190,86.2,,
Soccer,O. Ighalo,29,72,182.88,165,74.8,,
Soccer,A. Schürrle,28,72,182.88,157,71.2,,
Soccer,E. Skhiri,23,73,185.42,152,68.9,,
Soccer,W. Anton,22,74,187.96,165,74.8,,
Soccer,R. Palacio,37,69,175.26,154,69.9,,
Soccer,K. Lasagna,26,73,185.42,176,79.8,,
Soccer,D. Cvitanich,34,69,175.26,159,72.1,,
Soccer,S. De Maio,32,75,190.5,198,89.8,,
Soccer,S. Terodde,31,76,193.04,183,83,,
Soccer,J. De Guzmán,31,69,175.26,163,73.9,,
Soccer,R. Civelli,35,77,195.58,196,88.9,,
Soccer,Pablo Maffeo,21,68,172.72,154,69.9,,
Soccer,Cédric,27,68,172.72,148,67.1,,
Soccer,K. Papadopoulos,27,73,185.42,192,87.1,,
Soccer,A. Szymanowski,30,69,175.26,143,64.9,,
Soccer,J. Kucka,32,73,185.42,185,83.9,,
Soccer,P. Jagielka,36,61,154.94,192,87.1,,
Soccer,M. Benassi,24,72,182.88,176,79.8,,
Soccer,P. Jansson,28,77,195.58,190,86.2,,
Soccer,B. Espinosa,29,76,193.04,185,83.9,,
Soccer,José Sá,26,76,193.04,187,84.8,,
Soccer,M. Sels,27,75,190.5,194,88,,
Soccer,Yuri Berchiche,29,61,154.94,176,79.8,,
Soccer,R. Borré,23,69,175.26,157,71.2,,
Soccer,Paulinho,26,74,187.96,179,81.2,,
Soccer,C. Piccini,26,74,187.96,174,78.9,,
Soccer,B. André,28,61,154.94,168,76.2,,
Soccer,Barragán,31,72,182.88,168,76.2,,
Soccer,M. Samatta,26,72,182.88,176,79.8,,
Soccer,I. Diop,22,76,193.04,203,92.1,,
Soccer,M. Lowton,29,61,154.94,172,78,,
Soccer,T. Hernández,21,72,182.88,181,82.1,,
Soccer,Juanpe,27,75,190.5,187,84.8,,
Soccer,K. Tete,23,61,154.94,157,71.2,,
Soccer,B. Džemaili,32,60,152.4,161,73,,
Soccer,André André,29,69,175.26,143,64.9,,
Soccer,Balenziaga,31,60,152.4,168,76.2,,
Soccer,V. Behrami,33,73,185.42,172,78,,
Soccer,D. Reyes,26,74,187.96,163,73.9,,
Soccer,Caiuby,30,72,182.88,187,84.8,,
Soccer,S. Doumbia,31,60,152.4,157,71.2,,
Soccer,João Félix,19,61,154.94,154,69.9,,
Soccer,L. López,29,75,190.5,181,82.1,,
Soccer,Mario Suárez,32,74,187.96,176,79.8,,
Soccer,J. Lössl,30,77,195.58,194,88,,
Soccer,G. Castro,31,68,172.72,159,72.1,,
Soccer,M. Phillips,27,72,182.88,165,74.8,,
Soccer,Gabriel Boschilia,23,68,172.72,139,63,,
Soccer,Wu Lei,27,69,175.26,146,66.2,,
Soccer,N. Blandi,29,61,154.94,168,76.2,,
Soccer,L. Kalinić,28,79,200.66,218,98.9,,
Soccer,F. Fernández,30,75,190.5,183,83,,
Soccer,J. Martínez,32,73,185.42,176,79.8,,
Soccer,Emerson,24,69,175.26,170,77.1,,
Soccer,Rômulo,31,60,152.4,159,72.1,,
Soccer,C. Benteke,28,75,190.5,183,83,,
Soccer,M. Rashica,22,60,152.4,161,73,,
Soccer,L. Baines,34,67,170.18,154,69.9,,
Soccer,M. Noble,31,60,152.4,168,76.2,,
Soccer,F. Benković,21,76,193.04,201,91.2,,
Soccer,C. Riveros,36,60,152.4,163,73.9,,
Soccer,M. Niang,24,72,182.88,172,78,,
Soccer,D. Santon,28,74,187.96,170,77.1,,
Soccer,I. Ordets,26,76,193.04,194,88,,
Soccer,Francisco Geraldes,23,69,175.26,143,64.9,,
Soccer,R. Snodgrass,31,72,182.88,181,82.1,,
Soccer,Vitor Hugo,27,74,187.96,176,79.8,,
Soccer,M. Pašalić,24,74,187.96,183,83,,
Soccer,F. Borini,27,61,154.94,163,73.9,,
Soccer,N. Vukčević,27,72,182.88,168,76.2,,
Soccer,A. Hutchinson,36,74,187.96,183,83,,
Soccer,M. Moralez,32,62,157.48,123,55.8,,
Soccer,C. Austin,29,74,187.96,185,83.9,,
Soccer,Kenedy,23,72,182.88,170,77.1,,
Soccer,Eltildo Correia,27,74,187.96,172,78,,
Soccer,João Pedro,26,72,182.88,161,73,,
Soccer,A. Diamanti,35,61,154.94,165,74.8,,
Soccer,Guilherme,27,60,152.4,168,76.2,,
Soccer,J. Morel,34,69,175.26,172,78,,
Soccer,Llorente,34,76,193.04,203,92.1,,
Soccer,G. Gönül,34,69,175.26,165,74.8,,
Soccer,A. Paloschi,29,72,182.88,176,79.8,,
Soccer,Juli Freitinho,31,76,193.04,201,91.2,,
Soccer,Markel Bergara,32,61,154.94,172,78,,
Soccer,L. Nguyen,32,68,172.72,150,68,,
Soccer,A. Knockaert,27,68,172.72,152,68.9,,
Soccer,Córdoba,21,61,154.94,161,73,,
Soccer,J. Veltman,27,72,182.88,165,74.8,,
Soccer,N. Sansone,27,69,175.26,150,68,,
Soccer,A. Turan,32,60,152.4,168,76.2,,
Soccer,H. Seferović,27,74,187.96,187,84.8,,
Soccer,Rafael Cachoira,31,74,187.96,185,83.9,,
Soccer,A. Haidara,21,69,175.26,148,67.1,,
Soccer,F. Caputo,31,61,154.94,163,73.9,,
Soccer,M. Locatelli,21,73,185.42,165,74.8,,
Soccer,J. Ayew,27,72,182.88,179,81.2,,
Soccer,T. Jedvaj,23,72,182.88,181,82.1,,
Soccer,S. Hanni,28,60,152.4,159,72.1,,
Soccer,Andrés Fernández,32,74,187.96,181,82.1,,
Soccer,T. Monconduit,28,72,182.88,183,83,,
Soccer,N. Mukiele,21,73,185.42,163,73.9,,
Soccer,D. Heintz,25,74,187.96,196,88.9,,
Soccer,Júnior Caiçara,29,68,172.72,154,69.9,,
Soccer,A. Lennon,31,65,165.1,139,63,,
Soccer,J. Willems,24,60,152.4,181,82.1,,
Soccer,M. Veljković,23,72,182.88,170,77.1,,
Soccer,I. Belfodil,27,75,190.5,190,86.2,,
Soccer,Miguel Lopes,32,72,182.88,183,83,,
Soccer,D. Stephens,29,73,185.42,157,71.2,,
Soccer,Brais Méndez,22,74,187.96,168,76.2,,
Soccer,A. Smith,27,61,154.94,172,78,,
Soccer,Recio,28,72,182.88,163,73.9,,
Soccer,Kiko Femenía,28,69,175.26,134,60.8,,
Soccer,M. Gaćinović,24,69,175.26,152,68.9,,
Soccer,P. Skjelbred,31,69,175.26,163,73.9,,
Soccer,Fernandinho,25,69,175.26,143,64.9,,
Soccer,S. Brown,33,69,175.26,176,79.8,,
Soccer,M. Grujić,22,75,190.5,181,82.1,,
Soccer,A. Soumaoro,26,74,187.96,201,91.2,,
Soccer,Raúl Navas,30,73,185.42,185,83.9,,
Soccer,A. Szalai,31,76,193.04,198,89.8,,
Soccer,A. Diawara,21,72,182.88,163,73.9,,
Soccer,L. Skorupski,27,74,187.96,185,83.9,,
Soccer,R. Hamouma,31,60,152.4,168,76.2,,
Soccer,K. Stöger,25,69,175.26,165,74.8,,
Soccer,K. Linetty,24,69,175.26,161,73,,
Soccer,S. Bell,27,76,193.04,194,88,,
Soccer,A. N'Diaye,29,74,187.96,198,89.8,,
Soccer,Y. Yazıcı,22,72,182.88,163,73.9,,
Soccer,B. Oczipka,30,73,185.42,187,84.8,,
Soccer,F. Valverde,20,72,182.88,172,78,,
Soccer,M. Benítez,24,68,172.72,159,72.1,,
Soccer,M. Vorm,35,72,182.88,185,83.9,,
Soccer,N. Mendy,26,66,167.64,161,73,,
Soccer,J. Vázquez,30,65,165.1,141,64,,
Soccer,Unai Núñez,22,73,185.42,179,81.2,,
Soccer,N. Radoja,26,73,185.42,170,77.1,,
Soccer,K. Gibbs,29,60,152.4,154,69.9,,
Soccer,A. Hamdallah,28,72,182.88,179,81.2,,
Soccer,Pablo Santos,26,74,187.96,181,82.1,,
Soccer,S. Fofana,23,72,182.88,170,77.1,,
Soccer,Felipe,34,74,187.96,165,74.8,,
Soccer,C. Villanueva,33,68,172.72,161,73,,
Soccer,Mossoró,35,67,170.18,148,67.1,,
Soccer,Diego Rico,26,72,182.88,168,76.2,,
Soccer,Alberto Moreno,26,67,170.18,143,64.9,,
Soccer,J. Clasie,27,67,170.18,146,66.2,,
Soccer,R. Funes Mori,28,72,182.88,179,81.2,,
Soccer,O. Alonso,33,61,154.94,154,69.9,,
Soccer,A. Djiku,24,72,182.88,163,73.9,,
Soccer,J. Hogg,30,69,175.26,161,73,,
Soccer,D. Calvert-Lewin,21,74,187.96,157,71.2,,
Soccer,M. Zeegelaar,28,73,185.42,181,82.1,,
Soccer,G. Carrillo,27,75,190.5,192,87.1,,
Soccer,Jozabed,28,61,154.94,148,67.1,,
Soccer,A. Franco,22,72,182.88,170,77.1,,
Soccer,D. Brooks,21,72,182.88,137,62.1,,
Soccer,J. Bruma,27,75,190.5,194,88,,
Soccer,L. Sepe,27,73,185.42,165,74.8,,
Soccer,S. Vokes,29,74,187.96,198,89.8,,
Soccer,Javi López,33,61,154.94,168,76.2,,
Soccer,J. Amavi,24,69,175.26,154,69.9,,
Soccer,Idris,34,74,187.96,183,83,,
Soccer,A. Potuk,27,60,152.4,148,67.1,,
Soccer,O. Norwood,27,69,175.26,152,68.9,,
Soccer,R. Khedira,25,74,187.96,185,83.9,,
Soccer,D. Machís,26,67,170.18,163,73.9,,
Soccer,R. Quaison,25,72,182.88,170,77.1,,
Soccer,P. Dummett,27,72,182.88,181,82.1,,
Soccer,L. Dimata,21,72,182.88,183,83,,
Soccer,Allan Bardinho,27,69,175.26,159,72.1,,
Soccer,L. Butelle,35,74,187.96,185,83.9,,
Soccer,S. Cristóforo,25,69,175.26,150,68,,
Soccer,Jason,24,60,152.4,143,64.9,,
Soccer,M. Agu,25,72,182.88,170,77.1,,
Soccer,E. Badu,28,68,172.72,154,69.9,,
Soccer,N. Redmond,25,68,172.72,152,68.9,,
Soccer,Sandro,29,74,187.96,165,74.8,,
Soccer,A. Mounier,31,69,175.26,143,64.9,,
Soccer,Matheus Pereira,22,69,175.26,163,73.9,,
Soccer,C. Jallet,35,60,152.4,154,69.9,,
Soccer,Diego Castro,36,69,175.26,157,71.2,,
Soccer,S. Okazaki,32,68,172.72,172,78,,
Soccer,O. Kamara,29,72,182.88,179,81.2,,
Soccer,Xeka,24,73,185.42,183,83,,
Soccer,R. Karsdorp,24,72,182.88,176,79.8,,
Soccer,Marafona,31,75,190.5,190,86.2,,
Soccer,D. Valdés,25,60,152.4,165,74.8,,
Soccer,M. Gonalons,29,74,187.96,168,76.2,,
Soccer,Burgui,25,72,182.88,165,74.8,,
Soccer,F. Guarín,32,72,182.88,176,79.8,,
Soccer,M. Jensen,23,68,172.72,150,68,,
Soccer,R. Thomas,24,69,175.26,141,64,,
Soccer,B. Butko,28,72,182.88,159,72.1,,
Soccer,L. Cigarini,32,69,175.26,159,72.1,,
Soccer,A. Musa,26,67,170.18,137,62.1,,
Soccer,M. Morozyuk,31,69,175.26,157,71.2,,
Soccer,G. Schennikov,27,61,154.94,165,74.8,,
Soccer,André Ramalho,27,72,182.88,172,78,,
Football,"Walton, L.T.",25,77,195.58,305,138.3,,
Football,"Leggett, Jordan",22,77,195.58,250,113.4,,
Football,"Garner, Manasseh",25,74,187.96,220,99.8,,
Football,"Coleman, Kurt",29,71,180.34,200,90.7,,
Football,"Carrie, T.J.",26,72,182.88,205,93.0,,
Football,"Allen, Nate",29,72,182.88,210,95.3,,
Football,"Williams, Isaiah",24,75,190.5,295,133.8,,
Football,"Bausby, DeVante",24,74,187.96,190,86.2,,
Football,"Wilkinson, Elijah",,76,193.04,331,150.1,,
Football,"Johnson, Trumaine",27,74,187.96,208,94.3,,
Football,"Beadles, Zane",30,76,193.04,305,138.3,,
Football,"Feeney, Dan",23,76,193.04,304,137.9,,
Football,"Holmes, Khaled",27,75,190.5,309,140.2,,
Football,"Savage, Tom",27,76,193.04,230,104.3,,
Football,"Tunsil, Laremy",22,77,195.58,316,143.3,,
Football,"Williams, Marquez",,70,177.8,259,117.5,,
Football,"Blackmon, Will",32,72,182.88,212,96.2,,
Football,"Seau, Ian",24,74,187.96,256,116.1,,
Football,"Evans, Randall",25,72,182.88,195,88.5,,
Football,"Jackson, Malik",27,77,195.58,300,136.1,,
Football,"Fulton, Zach",25,77,195.58,316,143.3,,
Football,"Tate, Brandon",29,73,185.42,195,88.5,,
Football,"Liuget, Corey",27,74,187.96,300,136.1,,
Football,"Herzlich, Mark",29,76,193.04,246,111.6,,
Football,"Harris, Bryce",28,78,198.12,300,136.1,,
Football,"Johnson, T.J.",26,76,193.04,300,136.1,,
Football,"Norwood, Kevin",27,74,187.96,210,95.3,,
Football,"Bower, Tashawn",22,77,195.58,250,113.4,,
Football,"McCants, Matt",27,78,198.12,310,140.6,,
Football,"McMillan, Raekwon",20,74,187.96,243,110.2,,
Football,"Lewan, Taylor",25,79,200.66,309,140.2,,
Football,"Chung, Patrick",29,71,180.34,215,97.5,,
Football,"Drake, Kenyan",23,73,185.42,216,98.0,,
Football,"Rollins, Quinten",24,71,180.34,195,88.5,,
Football,"Fant, George",24,77,195.58,296,134.3,,
Football,"Munson, Calvin",22,73,185.42,245,111.1,,
Football,"Tripp, Jordan",26,76,193.04,244,110.7,,
Football,"Davis, Reggie",21,72,182.88,159,72.1,,
Football,"Mizzell, Taquan",23,70,177.8,185,83.9,,
Football,"Bean, Jimmy",23,77,195.58,251,113.9,,
Football,"Showers, Jameill",25,74,187.96,230,104.3,,
Football,"McClain, Robert",28,69,175.26,195,88.5,,
Football,"Fuller, Kyle",23,77,195.58,306,138.8,,
Football,"Johnson, Jaleel",22,75,190.5,309,140.2,,
Football,"Perry, Joshua",23,76,193.04,253,114.8,,
Football,"Janikowski, Sebastian",39,73,185.42,265,120.2,,
Football,"Wetzel, John",25,79,200.66,328,148.8,,
Football,"Graham, Tyson",,74,187.96,210,95.3,,
Football,"Sorensen, Daniel",27,74,187.96,208,94.3,,
Football,"Ikard, Gabe",26,76,193.04,304,137.9,,
Football,"Randall, Damarious",24,71,180.34,196,88.9,,
Football,"Jones, T.J.",24,72,182.88,190,86.2,,
Football,"Jones, Abry",25,76,193.04,318,144.2,,
Football,"Hill, Alvin",23,71,180.34,190,86.2,,
Football,"Humes, Chris",22,71,180.34,207,93.9,,
Football,"Tretter, JC",26,76,193.04,307,139.3,,
Football,"Lewis, Alex",25,78,198.12,315,142.9,,
Football,"Kerr, Zach",26,74,187.96,334,151.5,,
Football,"Washington, Deron",24,73,185.42,211,95.7,,
Football,"Robinson, Trevor",27,77,195.58,300,136.1,,
Football,"Hudson, Rodney",27,74,187.96,300,136.1,,
Football,"Myers, Robert",25,77,195.58,335,152.0,,
Football,"Gillmore, Crockett",25,78,198.12,260,117.9,,
Football,"O'Neal, Cedric",23,70,177.8,215,97.5,,
Football,"Byrd, Damiere",24,69,175.26,180,81.6,,
Football,"Westerman, Christian",24,75,190.5,300,136.1,,
Football,"Njoku, David",20,76,193.04,245,111.1,,
Football,"Malveaux, Cameron",,78,198.12,251,113.9,,
Football,"Cooper, Amari",22,73,185.42,210,95.3,,
Football,"Daniels, Darrell",22,75,190.5,247,112.0,,
Football,"Lamur, Emmanuel",27,76,193.04,245,111.1,,
Football,"Voytek, Zach",,77,195.58,305,138.3,,
Football,"Jenkins, John",27,75,190.5,359,162.8,,
Football,"Glanton, Adarius",26,73,185.42,230,104.3,,
Football,"Purdum, Tanner",32,75,190.5,270,122.5,,
Football,"Hurst, Demontre",26,70,177.8,191,86.6,,
Football,"Phillips, Kalif",23,71,180.34,185,83.9,,
Football,"Carter, Cory",,70,177.8,185,83.9,,
Football,"Hill, Jordan",26,73,185.42,290,131.5,,
Football,"Flowers, Marquis",25,75,190.5,245,111.1,,
Football,"Leone, Richie",25,75,190.5,214,97.1,,
Football,"Urschel, John",25,75,190.5,300,136.1,,
Football,"Hood, Ziggy",30,75,190.5,305,138.3,,
Football,"Whitehead, Tahir",27,74,187.96,241,109.3,,
Football,"Brown, Ryan",22,78,198.12,267,121.1,,
Football,"Bromley, Jay",25,75,190.5,306,138.8,,
Football,"Odhiambo, Rees",24,76,193.04,315,142.9,,
Football,"Gerry, Nate",22,74,187.96,218,98.9,,
Football,"Jones, Zay",22,74,187.96,202,91.6,,
Football,"Banks, Josh",22,76,193.04,290,131.5,,
Football,"Washington, Dwayne",23,73,185.42,223,101.2,,
Football,"Davis, Todd",25,73,185.42,230,104.3,,
Football,"Kublanow, Brandon",22,75,190.5,291,132.0,,
Football,"Graham, Jimmy",30,79,200.66,265,120.2,,
Football,"Bazzie, Alex",26,73,185.42,229,103.9,,
Football,"Powell, Joe",23,74,187.96,205,93.0,,
Football,"Vallejo, Tanner",,73,185.42,228,103.4,,
Football,"Lupeamanu, Tueni",22,73,185.42,252,114.3,,
Football,"Watkins, Carlos",23,76,193.04,312,141.5,,
Football,"Fairbairn, Ka'imi",23,72,182.88,185,83.9,,
Football,"Mitchell, Mike",29,73,185.42,221,100.2,,
Football,"Hendrickson, Trey",22,76,193.04,270,122.5,,
Football,"Hall, Marvin",24,70,177.8,190,86.2,,
Football,"Yancey, DeAngelo",22,74,187.96,205,93.0,,
Football,"White, DeAndrew",25,72,182.88,192,87.1,,
Football,"Williams, Andre",24,72,182.88,220,99.8,,
Football,"Carroo, Leonte",23,72,182.88,217,98.4,,
Football,"Giacomini, Breno",31,79,200.66,318,144.2,,
Football,"Brown, Da'Ron",25,72,182.88,199,90.3,,
Football,"Dobbs, Joshua",22,75,190.5,216,98.0,,
Football,"Wright, K.J.",27,76,193.04,246,111.6,,
Football,"Compton, Tom",28,77,195.58,308,139.7,,
Football,"Williams, Avery",22,70,177.8,201,91.2,,
Football,"Lacey, Deon",26,73,185.42,225,102.1,,
Football,"Martin, Marcus",23,75,190.5,321,145.6,,
Football,"Foster, Reuben",23,73,185.42,228,103.4,,
Football,"Dunbar, Quinton",24,74,187.96,203,92.1,,
Football,"Rodgers-Cromartie, Dominique",31,74,187.96,193,87.5,,
Football,"Fowler, Dante",22,74,187.96,250,113.4,,
Football,"McLeod, Rodney",26,70,177.8,195,88.5,,
Football,"Lang, T.J.",29,76,193.04,318,144.2,,
Football,"Cox, Fletcher",26,76,193.04,310,140.6,,
Football,"Mack, Marlon",21,72,182.88,210,95.3,,
Football,"Bigger, Zeek",24,74,187.96,216,98.0,,
Football,"Edelman, Julian",31,70,177.8,200,90.7,,
Football,"Gilmore, Stephon",26,73,185.42,190,86.2,,
Football,"Muhammad, Khalfani",22,69,175.26,175,79.4,,
Football,"Williamson, Andrew",24,73,185.42,212,96.2,,
Football,"Wylie, Andrew",22,78,198.12,311,141.1,,
Football,"Rodgers, Jake",25,78,198.12,320,145.1,,
Football,"Pierre-Louis, Kevin",25,72,182.88,230,104.3,,
Football,"Jerome, Lorenzo",,71,180.34,202,91.6,,
Football,"Foster, Mason",28,73,185.42,250,113.4,,
Football,"Bucannon, Deone",24,73,185.42,211,95.7,,
Football,"Rowe, Eric",24,73,185.42,205,93.0,,
Football,"Clark, Chris",31,77,195.58,305,138.3,,
Football,"Davis, Will",27,71,180.34,180,81.6,,
Football,"O'Donnell, Pat",26,76,193.04,217,98.4,,
Football,"Kush, Eric",27,76,193.04,313,142.0,,
Football,"Williams, Brandon",28,73,185.42,340,154.2,,
Football,"Penny, Elijhaa",23,74,187.96,234,106.1,,
Football,"Cannon, KD",21,72,182.88,180,81.6,,
Football,"Rivers, Derek",23,76,193.04,250,113.4,,
Football,"Whitney, Isaac",22,75,190.5,220,99.8,,
Football,"Miller, Harlan",22,72,182.88,182,82.6,,
Football,"Capi, Cap",24,75,190.5,249,112.9,,
Football,"Bass, David",26,76,193.04,256,116.1,,
Football,"Cook, Connor",24,76,193.04,217,98.4,,
Football,"O'Malley, Ryan",23,78,198.12,258,117.0,,
Football,"Armah, Alex",23,74,187.96,253,114.8,,
Football,"Funchess, Devin",23,76,193.04,225,102.1,,
Football,"Slade, Chad",25,77,195.58,315,142.9,,
Football,"Crowder, Jamison",23,68,172.72,182,82.6,,
Football,"Wiltz, Jomal",22,70,177.8,174,78.9,,
Football,"Spadola, Ryan",26,73,185.42,205,93.0,,
Football,"Jones, Aaron",22,69,175.26,208,94.3,,
Football,"Valentine, Vincent",23,74,187.96,320,145.1,,
Football,"Tu'ikolovatu, Stevie",25,73,185.42,350,158.8,,
Football,"Joeckel, Luke",25,78,198.12,312,141.5,,
Football,"Laufasa, Darrin",22,73,185.42,240,108.9,,
Football,"Murray, Justin",24,77,195.58,304,137.9,,
Football,"Theus, John",23,78,198.12,303,137.4,,
Football,"Vitale, Danny",23,73,185.42,239,108.4,,
Football,"Miller, Braxton",24,73,185.42,205,93.0,,
Football,"Abdullah, Ameer",23,69,175.26,203,92.1,,
Football,"Green, A.J.",28,76,193.04,210,95.3,,
Football,"Brantley, Caleb",22,74,187.96,314,142.4,,
Football,"Vander Laan, Jason",24,76,193.04,244,110.7,,
Football,"Murray, Najee",,69,175.26,185,83.9,,
Football,"Clowney, Jadeveon",24,77,195.58,270,122.5,,
Football,"Myers, Jason",26,70,177.8,195,88.5,,
Football,"Martin, Ronald",24,74,187.96,220,99.8,,
Football,"Omameh, Patrick",27,76,193.04,316,143.3,,
Football,"Hardison, Marcus",25,75,190.5,315,142.9,,
Football,"Forrest, Josh",25,75,190.5,249,112.9,,
Football,"Bodine, Russell",24,75,190.5,308,139.7,,
Football,"Witzmann, Bryan",26,79,200.66,320,145.1,,
Football,"Biegel, Vince",23,75,190.5,246,111.6,,
Football,"Williams, Xavier",25,74,187.96,309,140.2,,
Football,"Perine, Samaje",21,70,177.8,235,106.6,,
Football,"Dangerfield, Jordan",26,70,177.8,199,90.3,,
Football,"Olugbode, Kenneth",21,72,182.88,220,99.8,,
Football,"Judon, Matt",24,75,190.5,275,124.7,,
Football,"Crabtree, Michael",29,73,185.42,215,97.5,,
Football,"Dawson, Phil",42,71,180.34,200,90.7,,
Football,"Bell, Le'Veon",25,73,185.42,225,102.1,,
Football,"Jenkins, Jarvis",29,76,193.04,300,136.1,,
Football,"Skura, Matt",24,75,190.5,305,138.3,,
Football,"Mewhort, Jack",25,78,198.12,312,141.5,,
Football,"Koyack, Ben",24,77,195.58,269,122.0,,
Football,"Lang, Cedrick",25,81,205.74,255,115.7,,
Football,"Long, Spencer",26,77,195.58,324,147.0,,
Football,"Lampkin, Ashton",23,72,182.88,189,85.7,,
Football,"Bell, Brandon",22,73,185.42,227,103.0,,
Football,"Tankersley, Cordrea",23,73,185.42,200,90.7,,
Football,"Allen, Javorius",25,72,182.88,222,100.7,,
Football,"Cyprien, Johnathan",26,72,182.88,217,98.4,,
Football,"Nacua, Kai",22,73,185.42,205,93.0,,
Football,"Pelon, Claude",24,76,193.04,300,136.1,,
Football,"Grymes, Aaron",26,71,180.34,185,83.9,,
Football,"Travis, Damarius",23,73,185.42,206,93.4,,
Football,"Bates, Daren",26,71,180.34,225,102.1,,
Football,"Cooks, Brandin",23,70,177.8,189,85.7,,
Football,"Marpet, Ali",24,76,193.04,307,139.3,,
Football,"Andrews, Josh",25,74,187.96,311,141.1,,
Football,"Levy, Richard",24,78,198.12,316,143.3,,
Football,"Daniels, Mike",28,72,182.88,310,140.6,,
Football,"Beachum, Kelvin",27,75,190.5,316,143.3,,
Football,"Palepoi, Tenny",26,73,185.42,298,135.2,,
Football,"Hargreaves, Vernon",22,70,177.8,204,92.5,,
Football,"Bryant, Dez",28,74,187.96,220,99.8,,
Football,"Darr, Matt",24,73,185.42,214,97.1,,
Football,"Ertz, Zach",26,77,195.58,250,113.4,,
Football,"Henry, Hunter",22,77,195.58,250,113.4,,
Football,"Spence, Akeem",25,73,185.42,307,139.3,,
Football,"Williams, Damien",25,71,180.34,228,103.4,,
Football,"Gaines, E.J.",25,70,177.8,190,86.2,,
Football,"Redfern, Kasey",25,74,187.96,215,97.5,,
Football,"Church, Barry",29,74,187.96,218,98.9,,
Football,"Glenn, Cordy",27,78,198.12,345,156.5,,
Football,"Murphy, Kyle",23,78,198.12,305,138.3,,
Football,"Jones, Reshad",29,73,185.42,214,97.1,,
Football,"Grissom, Geneo",25,76,193.04,265,120.2,,
Football,"Ross, John",22,71,180.34,190,86.2,,
Football,"Jones, Chris",22,77,195.58,310,140.6,,
Football,"Upshaw, Courtney",27,74,187.96,272,123.4,,
Football,"Richardson, Horace",,72,182.88,212,96.2,,
Football,"Harris, Josh",28,73,185.42,224,101.6,,
Football,"Jansen, J.J.",31,74,187.96,240,108.9,,
Football,"Williams, Teddy",28,73,185.42,210,95.3,,
Football,"Sickels, Garrett",22,75,190.5,261,118.4,,
Football,"Kukwa, Anthony",24,75,190.5,221,100.2,,
Football,"Penton, Aarion",,70,177.8,185,83.9,,
Football,"Thomas, Joe",32,78,198.12,312,141.5,,
Football,"Watson, Menelik",28,77,195.58,315,142.9,,
Football,"Sambrailo, Ty",25,77,195.58,315,142.9,,
Football,"Redding, Devine",21,68,172.72,205,93.0,,
Football,"McLendon, Steve",31,75,190.5,310,140.6,,
Football,"Wilson, Howard",21,73,185.42,185,83.9,,
Football,"Jefferson, Cameron",25,77,195.58,317,143.8,,
Football,"Niklas, Troy",24,78,198.12,270,122.5,,
Football,"Armstead, Terron",25,77,195.58,304,137.9,,
Football,"Mays, Devante",23,71,180.34,230,104.3,,
Football,"Peterson, Adrian",32,73,185.42,220,99.8,,
Football,"Armstrong, Ray-Ray",26,75,190.5,220,99.8,,
Football,"Gilbert, Jimmie",22,76,193.04,216,98.0,,
Football,"Johnson, Derrick",34,75,190.5,242,109.8,,
Football,"Bercovici, Mike",24,72,182.88,204,92.5,,
Football,"Parry, David",25,74,187.96,310,140.6,,
Football,"Broxton, Jarell",24,75,190.5,322,146.1,,
Football,"Keyes, Josh",24,74,187.96,223,101.2,,
Football,"Homer, Tevin",22,74,187.96,195,88.5,,
Football,"Smith, Donovan",23,78,198.12,338,153.3,,
Football,"Reiff, Riley",28,78,198.12,305,138.3,,
Football,"Young, Willie",31,76,193.04,258,117.0,,
Football,"Okine, Earl",27,78,198.12,290,131.5,,
Football,"Hopkins, Trey",24,75,190.5,310,140.6,,
Football,"Moore, Alonzo",24,74,187.96,185,83.9,,
Football,"Braunecker, Ben",23,76,193.04,255,115.7,,
Football,"Fackrell, Kyler",25,77,195.58,245,111.1,,
Football,"Prosch, Jay",24,73,185.42,255,115.7,,
Football,"Collins, Jamie",27,75,190.5,250,113.4,,
Football,"Quessenberry, David",26,77,195.58,306,138.8,,
Football,"Evans, Josh",26,72,182.88,198,89.8,,
Football,"Karras, Ted",24,76,193.04,305,138.3,,
Football,"Hyde, Carlos",26,72,182.88,235,106.6,,
Football,"Smith, Jacquies",27,74,187.96,260,117.9,,
Football,"Weddle, Eric",32,71,180.34,195,88.5,,
Football,"Barnes, T.J.",26,79,200.66,364,165.1,,
Football,"Hart, Derek",24,76,193.04,240,108.9,,
Football,"Fairley, Nick",29,76,193.04,308,139.7,,
Football,"Jenkins, Janoris",28,70,177.8,198,89.8,,
Football,"Stanford, Julian",26,73,185.42,230,104.3,,
Football,"Moore, Chris",23,73,185.42,200,90.7,,
Football,"Charlton, Taco",22,78,198.12,272,123.4,,
Football,"Davis, Cody",28,73,185.42,206,93.4,,
Football,"Spriggs, Jason",23,78,198.12,301,136.5,,
Football,"Bosa, Joey",21,77,195.58,280,127.0,,
Football,"Robinson, Corey",25,79,200.66,317,143.8,,
Football,"Colquitt, Dustin",35,75,190.5,210,95.3,,
Football,"Pankey, Adam",,77,195.58,324,147.0,,
Football,"Langley, Brendan",22,72,182.88,199,90.3,,
Football,"Morrow, Nicholas",,73,185.42,220,99.8,,
Football,"Shell, Rushel",23,72,182.88,216,98.0,,
Football,"Wood, Eric",31,76,193.04,310,140.6,,
Football,"Yates, T.J.",30,76,193.04,217,98.4,,
Football,"Hewitt, Neville",24,74,187.96,232,105.2,,
Football,"Aikens, Walt",25,73,185.42,218,98.9,,
Football,"Shazier, Ryan",24,73,185.42,230,104.3,,
Football,"Tialavea, D.J.",25,76,193.04,260,117.9,,
Football,"House, Davon",27,72,182.88,200,90.7,,
Football,"Sharp, Hunter",23,71,180.34,198,89.8,,
Football,"Martin, Zack",26,76,193.04,310,140.6,,
Football,"Roos, Jordan",23,77,195.58,320,145.1,,
Football,"Webb, B.W.",27,71,180.34,190,86.2,,
Football,"Freeman, Jerrell",31,72,182.88,236,107.0,,
Football,"Rolle, Jumal",27,72,182.88,190,86.2,,
Football,"Brown, Christian",,74,187.96,305,138.3,,
Football,"Irwin-Hill, Sam",26,74,187.96,203,92.1,,
Football,"Sayles, Marcus",22,70,177.8,177,80.3,,
Football,"Sitton, Josh",30,75,190.5,318,144.2,,
Football,"Bell, Kenny",25,73,185.42,197,89.4,,
Football,"Artis-Payne, Cameron",26,70,177.8,220,99.8,,
Football,"Vellano, Joe",28,74,187.96,300,136.1,,
Football,"Turbin, Robert",27,70,177.8,225,102.1,,
Football,"Palardy, Michael",24,71,180.34,191,86.6,,
Football,"Thomas, Demaryius",29,75,190.5,229,103.9,,
Football,"Odom, Chris",22,75,190.5,234,106.1,,
Football,"Helfet, Cooper",28,75,190.5,239,108.4,,
Football,"Huber, Kevin",31,73,185.42,211,95.7,,
Football,"Hayes, De'Chavon",,71,180.34,192,87.1,,
Football,"Bush, Deon",23,72,182.88,200,90.7,,
Football,"Scherff, Brandon",25,77,195.58,323,146.5,,
Football,"Orakpo, Brian",30,76,193.04,257,116.6,,
Football,"Boggs, Taylor",30,75,190.5,302,137.0,,
Football,"Pulley, Spencer",24,76,193.04,308,139.7,,
Football,"Watts, Craig",25,75,190.5,335,152.0,,
Football,"Allen, Ricardo",25,69,175.26,186,84.4,,
Football,"Robinson, Aldrick",28,70,177.8,187,84.8,,
Football,"Thorpe, Neiko",27,73,185.42,200,90.7,,
Football,"McCoy, Colt",30,73,185.42,215,97.5,,
Football,"Knappe, Andreas",26,81,205.74,295,133.8,,
Football,"Jones, Chandler",27,77,195.58,265,120.2,,
Football,"Davis, Carl",25,77,195.58,327,148.3,,
Football,"Wing, Brad",26,75,190.5,205,93.0,,
Football,"Frazier, Kavon",22,72,182.88,217,98.4,,
Football,"Stinson, Ed",27,76,193.04,287,130.2,,
Football,"Lotulelei, Star",27,74,187.96,315,142.9,,
Football,"Golson, Senquez",23,69,175.26,176,79.8,,
Football,"Watkins, Jaylen",25,71,180.34,194,88.0,,
Football,"Williams, Darrell",23,76,193.04,301,136.5,,
Football,"Smith, Chris",25,73,185.42,262,118.8,,
Football,"Nash, Anthony",23,77,195.58,201,91.2,,
Football,"Hauschka, Steven",31,76,193.04,210,95.3,,
Football,"Gilchrist, Keenan",22,74,187.96,201,91.2,,
Football,"Walford, Clive",25,76,193.04,250,113.4,,
Football,"Brees, Drew",38,72,182.88,209,94.8,,
Football,"Adeboyejo, Quincy",22,75,190.5,197,89.4,,
Football,"Coleman, Tevin",24,73,185.42,210,95.3,,
Football,"Darkwa, Orleans",25,72,182.88,215,97.5,,
Football,"Rivers, Philip",35,77,195.58,228,103.4,,
Football,"McCaffrey, Christian",21,72,182.88,197,89.4,,
Football,"Hunt, Cameron",,76,193.04,265,120.2,,
Football,"Brown, Pharaoh",23,78,198.12,240,108.9,,
Football,"McDonald, Vance",26,76,193.04,267,121.1,,
Football,"Eldrenkamp, Jake",,77,195.58,287,130.2,,
Football,"Johnson, Toby",25,76,193.04,325,147.4,,
Football,"Rios, Marcus",22,71,180.34,181,82.1,,
Football,"Thomas, Noel",22,72,182.88,205,93.0,,
Football,"Collins, Landon",23,72,182.88,225,102.1,,
Football,"Lanier, Anthony",24,78,198.12,282,127.9,,
Football,"Smith, Eric",,77,195.58,300,136.1,,
Football,"Snead, Willie",24,71,180.34,195,88.5,,
Football,"Jennings, Darius",24,70,177.8,169,76.7,,
Football,"Brooks, Brandon",27,77,195.58,335,152.0,,
Football,"Burton, Trey",25,75,190.5,235,106.6,,
Football,"Campbell, Calais",30,80,203.2,300,136.1,,
Football,"King, Akeem",24,73,185.42,212,96.2,,
Football,"Hilton, T.Y.",27,69,175.26,180,81.6,,
Football,"Sample, James",24,74,187.96,215,97.5,,
Football,"Northrup, Reggie",23,73,185.42,231,104.8,,
Football,"Gronkowski, Rob",28,78,198.12,265,120.2,,
Football,"Dunn, Brandon",24,74,187.96,300,136.1,,
Football,"Bouagnon, Joel",23,74,187.96,224,101.6,,
Football,"Raymond, Kalif",22,69,175.26,160,72.6,,
Football,"Wilson, Travis",23,79,200.66,233,105.7,,
Football,"Kearse, Jermaine",27,73,185.42,209,94.8,,
Football,"Fusco, Brandon",28,76,193.04,306,138.8,,
Football,"Gennesy, Avery",23,77,195.58,315,142.9,,
Football,"Robinson, Patrick",29,71,180.34,191,86.6,,
Football,"Kupp, Cooper",23,74,187.96,198,89.8,,
Football,"Greene, Rashad",24,71,180.34,190,86.2,,
Football,"Sanders, Emmanuel",30,71,180.34,180,81.6,,
Football,"Grasu, Hroniss",25,75,190.5,303,137.4,,
Football,"Mebane, Brandon",32,73,185.42,311,141.1,,
Football,"Hunt, Kareem",21,71,180.34,208,94.3,,
Football,"Amaro, Jace",24,77,195.58,265,120.2,,
Football,"Cherry, Bra'lon",,71,180.34,187,84.8,,
Football,"Williams, Trey",24,67,170.18,200,90.7,,
Football,"Ogletree, Alec",25,74,187.96,245,111.1,,
Football,"Davis, Jesse",25,78,198.12,309,140.2,,
Football,"Tapper, Charles",24,74,187.96,271,122.9,,
Football,"King, Brandon",23,74,187.96,220,99.8,,
Football,"Wilson, Quincy",20,73,185.42,213,96.6,,
Football,"Moss, Avery",22,75,190.5,265,120.2,,
Football,"Henry, Derrick",22,74,187.96,247,112.0,,
Football,"Dunbar, Lance",27,68,172.72,195,88.5,,
Football,"Nzeocha, Mark",27,75,190.5,239,108.4,,
Football,"Dixon, Brandon",27,71,180.34,203,92.1,,
Football,"Zuttah, Jeremy",31,76,193.04,300,136.1,,
Football,"Thornton, Josh",,71,180.34,185,83.9,,
Football,"Dixon, Travell",26,73,185.42,210,95.3,,
Football,"Wood, Zach",24,75,190.5,262,118.8,,
Football,"Kelly, Dennis",27,80,203.2,321,145.6,,
Football,"Stone, James",25,75,190.5,291,132.0,,
Football,"Moore, Corey",24,74,187.96,200,90.7,,
Football,"Stanback, William",,72,182.88,233,105.7,,
Football,"Villanueva, Alejandro",28,81,205.74,320,145.1,,
Football,"White, Corey",27,73,185.42,210,95.3,,
Football,"Johnson, Lane",27,78,198.12,317,143.8,,
Football,"Omoile, Oni",23,74,187.96,310,140.6,,
Football,"Doctson, Josh",24,74,187.96,206,93.4,,
Football,"Howsare, Julian",24,74,187.96,255,115.7,,
Football,"Colquitt, Britton",32,74,187.96,205,93.0,,
Football,"Brown, Corey",25,71,180.34,190,86.2,,
Football,"Rawls, Thomas",23,69,175.26,215,97.5,,
Football,"Winters, Brian",25,76,193.04,320,145.1,,
Football,"Carson, Tra",24,71,180.34,227,103.0,,
Football,"Chancellor, Kam",29,75,190.5,225,102.1,,
Football,"Urbik, Kraig",31,77,195.58,334,151.5,,
Football,"Grace, Jermaine",23,73,185.42,209,94.8,,
Football,"Warford, Larry",25,75,190.5,317,143.8,,
Football,"Tasini, Pasoni",24,75,190.5,295,133.8,,
Football,"Mostert, Raheem",25,70,177.8,197,89.4,,
Football,"Ebner, Nate",28,72,182.88,220,99.8,,
Football,"Moore, Kellen",27,72,182.88,200,90.7,,
Football,"Croom, Jason",23,77,195.58,223,101.2,,
Football,"Stewart, ArDarius",23,73,185.42,205,93.0,,
Football,"Floyd, Sharrif",26,75,190.5,311,141.1,,
Football,"Siragusa, Nico",23,77,195.58,330,149.7,,
Football,"Moses, Morgan",26,78,198.12,335,152.0,,
Football,"Wheaton, Markus",26,71,180.34,189,85.7,,
Football,"Harmon, J.D.",23,74,187.96,192,87.1,,
Football,"Thomas, Dwayne",23,72,182.88,181,82.1,,
Football,"Ijalana, Ben",27,76,193.04,322,146.1,,
Football,"Powe, Darius",23,75,190.5,220,99.8,,
Football,"Perkins, Paul",22,70,177.8,208,94.3,,
Football,"Develin, James",28,75,190.5,255,115.7,,
Football,"Callahan, Bryce",25,69,175.26,191,86.6,,
Football,"Rhodes, Xavier",26,73,185.42,218,98.9,,
Football,"Verrett, Jason",25,70,177.8,188,85.3,,
Football,"Floyd, Michael",27,74,187.96,220,99.8,,
Football,"McKay, Mekale",23,77,195.58,210,95.3,,
Football,"Gary, Shamiel",27,72,182.88,217,98.4,,
Football,"Lindsey, Jacob",,74,187.96,220,99.8,,
Football,"McGloin, Matt",27,73,185.42,210,95.3,,
Football,"Staples, Justin",27,76,193.04,245,111.1,,
Football,"Matias, Josue",24,77,195.58,309,140.2,,
Football,"Jones, Taiwan",28,72,182.88,195,88.5,,
Football,"Rich, Max",23,79,200.66,311,141.1,,
Football,"Johnson, David",25,73,185.42,224,101.6,,
Football,"Jacobs, Ben",29,76,193.04,240,108.9,,
Football,"Eluemunor, Jermaine",22,76,193.04,325,147.4,,
Football,"Sims, Charles",26,72,182.88,211,95.7,,
Football,"Newman, Terence",38,70,177.8,197,89.4,,
Football,"McGovern, Connor",24,76,193.04,306,138.8,,
Football,"Valles, Hakeem",24,77,195.58,260,117.9,,
Football,"Ware, Jylan",23,80,203.2,295,133.8,,
Football,"Koehn, Marshall",24,72,182.88,205,93.0,,
Football,"Cox, Bryan",,75,190.5,269,122.0,,
Football,"Shorts, Daikiel",22,72,182.88,201,91.2,,
Football,"Cohen, Tarik",21,66,167.64,179,81.2,,
Football,"Blanton, Robert",27,73,185.42,200,90.7,,
Football,"Prescott, Dak",23,74,187.96,226,102.5,,
Football,"Condo, Jon",35,75,190.5,240,108.9,,
Football,"Kalis, Kyle",23,77,195.58,302,137.0,,
Football,"Watson, Brad",21,72,182.88,200,90.7,,
Football,"Norton, Storm",23,80,203.2,311,141.1,,
Football,"Mathers, I'Tavius",23,71,180.34,197,89.4,,
Football,"Grugier-Hill, Kamu",23,74,187.96,220,99.8,,
Football,"Likely, William",,67,170.18,175,79.4,,
Football,"Dimick, Hunter",23,75,190.5,269,122.0,,
Football,"Miller, Lamar",26,70,177.8,220,99.8,,
Football,"Stevens, Tony",,76,193.04,198,89.8,,
Football,"Smith, Ryan",23,71,180.34,189,85.7,,
Football,"Kizer, DeShone",21,76,193.04,230,104.3,,
Football,"Holsey, Joshua",22,71,180.34,195,88.5,,
Football,"Iupati, Mike",30,77,195.58,331,150.1,,
Football,"Barnes, Brandon",,77,195.58,256,116.1,,
Football,"Smith, Rodney",27,77,195.58,232,105.2,,
Football,"Reed, Kalan",23,71,180.34,192,87.1,,
Football,"Braden, Ben",23,78,198.12,329,149.2,,
Football,"Bullough, Riley",23,74,187.96,226,102.5,,
Football,"Moore, Kenny",,69,175.26,179,81.2,,
Football,"Billings, Andrew",22,73,185.42,311,141.1,,
Football,"Exum, Antone",26,72,182.88,219,99.3,,
Football,"Crosby, Mason",32,73,185.42,207,93.9,,
Football,"Jones-Quartey, Harold",23,71,180.34,210,95.3,,
Football,"Holmes, Tyrone",23,74,187.96,253,114.8,,
Football,"Griffen, Everson",29,75,190.5,273,123.8,,
Football,"Bell, Byron",28,77,195.58,340,154.2,,
Football,"Hikutini, Cole",22,76,193.04,247,112.0,,
Football,"McGill, Keith",28,75,190.5,210,95.3,,
Football,"McRoberts, Paul",24,74,187.96,200,90.7,,
Football,"Martinez, Blake",23,74,187.96,237,107.5,,
Football,"Grant, Doran",24,70,177.8,200,90.7,,
Football,"Burley, Marcus",26,70,177.8,190,86.2,,
Football,"McGill, T.Y.",24,72,182.88,310,140.6,,
Football,"Wreh-Wilson, Blidi",27,73,185.42,198,89.8,,
Football,"Mundt, Johnny",,76,193.04,231,104.8,,
Football,"Tuitt, Stephon",24,78,198.12,303,137.4,,
Football,"Wormley, Chris",23,77,195.58,297,134.7,,
Football,"McCoil, Dexter",25,76,193.04,220,99.8,,
Football,"Irving, Isaiah",22,74,187.96,225,102.1,,
Football,"Auclair, Antony",,78,198.12,254,115.2,,
Football,"McClellin, Shea",27,75,190.5,250,113.4,,
Football,"Farris, Chase",24,76,193.04,295,133.8,,
Football,"Glasgow, Graham",24,78,198.12,308,139.7,,
Football,"Boehringer, Moritz",23,76,193.04,225,102.1,,
